{
    "scaler": {
        "mean": [
            28.276668568168855,
            18.568473093744096,
            22.93732965709584,
            69.36682354059711,
            911.450537174371,
            11.435051815934605,
            2.55683590036129,
            64.67580972301444,
            0.0
        ],
        "std": [
            2.934164708930917,
            2.40955476035972,
            2.2330556383700184,
            14.762957440413011,
            2.1904549936400266,
            4.363099021139392,
            5.254651625913406,
            31.580794198909693,
            1.0
        ],
        "features": [
            "Today_Max_Temperature",
            "Today_Min_Temperature",
            "Today_Mean_Temperature",
            "Today_Humidity",
            "Today_Pressure",
            "Today_Wind_Speed",
            "Today_Rainfall",
            "Today_Cloud_Cover",
            "Today_UV_Index"
        ]
    },
    "models": {
        "max": {
            "weights": [
                1.4107588732350689,
                -0.24533698627536496,
                1.2274857568488589,
                -0.33115717970127434,
                0.12059628263968494,
                -0.040879199534416356,
                0.06570070634175704,
                -0.10260832644972297,
                0.0
            ],
            "bias": 28.293249667237312
        },
        "min": {
            "weights": [
                -0.22933624282237636,
                0.6887503018384102,
                1.7539043449994265,
                0.7845593628779409,
                -0.18654804311677917,
                0.0968187815054598,
                0.034325753955645175,
                0.15097285384158382,
                0.0
            ],
            "bias": 18.572009887811145
        },
        "mean": {
            "weights": [
                0.2826420576148962,
                0.11590071286339058,
                1.7745523976425317,
                -0.039521285006885586,
                -0.05396073763244854,
                -0.011345798542895294,
                0.04046245815534179,
                -0.011993073809303601,
                0.0
            ],
            "bias": 22.94818961145968
        }
    }
}